record_id,case_id,label_source,reader,epicenter___1,epicenter___2,epicenter___3,epicenter___4,epicenter___5,attenuation,cbd_dilatation,mpd_dilatation,parenchymal_atrophy,t_stage
1,100003_00001,2,1,1,0,0,0,0,1,1,1,0,4
2,101600_00001,1,4,0,0,1,0,0,1,0,0,0,2
3,101602_00001,1,4,1,0,0,0,0,1,1,1,1,2
4,100368_00001,1,3,0,1,0,0,0,1,0,1,1,4
5,101604_00001,1,4,0,0,1,0,0,1,0,0,0,3
6,101612_00001,1,4,1,0,0,0,0,1,1,1,1,2
7,100011_00001,2,1,1,0,0,0,0,1,1,0,0,4
8,100369_00001,1,3,1,0,0,0,0,2,1,1,1,2
9,101615_00001,1,4,1,0,0,0,0,1,1,0,0,2
10,101031_00001,1,5,1,0,0,0,0,1,1,1,0,3
11,101632_00001,1,4,0,1,0,0,0,1,0,0,0,1
12,100016_00001,2,1,1,0,0,0,0,1,0,0,0,4
13,100379_00001,1,3,0,0,1,0,0,1,0,1,0,3
14,100021_00001,2,1,0,0,1,0,0,1,0,0,0,3
15,100033_00001,2,1,1,0,0,0,0,1,1,1,0,1
16,101560_00001,2,2,0,0,1,0,0,1,0,0,0,3
17,101044_00001,1,5,0,1,0,0,0,1,0,0,1,3
18,101635_00001,1,4,1,0,0,0,0,1,0,0,0,3
19,101563_00001,2,2,0,1,0,0,0,1,0,1,1,2
20,101636_00001,1,4,1,0,0,0,0,1,1,1,1,3
21,101045_00001,1,5,0,0,1,0,0,2,0,1,1,1
22,101593_00001,2,2,1,0,0,0,0,1,1,1,1,1
23,100385_00001,1,3,1,0,0,0,0,2,1,1,1,2
24,100082_00001,2,1,0,1,0,0,0,1,1,1,0,4
25,100397_00001,1,3,0,0,0,1,0,1,0,0,0,4
26,101046_00001,1,5,1,0,0,0,0,1,1,1,0,1
27,101645_00001,1,4,1,0,0,0,0,1,0,0,0,4
28,100091_00001,2,1,1,0,0,0,0,1,1,1,1,4
29,101049_00001,1,5,1,0,0,0,0,1,1,1,1,1
30,101050_00001,1,5,0,1,0,0,0,1,0,1,1,4
31,101659_00001,1,4,1,0,0,0,0,1,0,0,0,1
32,100402_00001,1,3,1,0,0,0,0,2,1,1,0,1
33,100096_00001,2,1,1,0,0,0,0,1,0,0,0,3
34,101054_00001,1,5,0,1,0,0,0,1,0,1,1,1
35,101596_00001,2,2,1,0,0,0,0,1,1,1,1,4
36,100403_00001,1,3,1,0,0,0,0,1,0,1,0,2
37,101616_00001,2,2,1,0,0,0,0,2,0,0,0,2
38,101062_00001,1,5,1,0,0,0,0,1,1,1,1,1
39,100404_00001,1,3,1,0,0,0,0,1,1,1,0,2
40,101064_00001,1,5,1,0,0,0,0,1,0,1,0,2
41,100126_00001,2,1,1,0,0,0,0,1,1,1,1,3
42,101625_00001,2,2,1,0,0,0,0,1,1,1,0,1
43,101078_00001,1,5,1,0,0,0,0,1,1,1,1,2
44,101661_00001,1,4,1,0,0,0,0,1,0,1,1,3
45,100405_00001,1,3,0,0,1,0,0,1,0,1,0,4
46,101080_00001,1,5,1,0,0,0,0,1,1,1,1,3
47,101663_00001,1,4,0,1,0,0,0,1,0,1,1,2
48,100409_00001,1,3,1,0,0,0,0,1,1,1,0,4
49,101666_00001,1,4,1,0,0,0,0,1,1,1,0,2
50,100135_00001,2,1,1,0,0,0,0,1,1,1,1,4
51,101669_00001,1,4,1,0,0,0,0,1,1,1,0,2
52,100143_00001,2,1,1,0,0,0,0,1,0,1,0,4
53,101679_00001,1,4,0,1,0,0,0,2,0,1,1,1
54,101634_00001,2,2,0,1,0,0,0,2,1,0,1,4
55,100150_00001,2,1,1,0,0,0,0,2,1,1,0,4
56,101637_00001,2,2,1,0,0,0,0,1,1,1,0,4
57,101083_00001,1,5,0,0,1,0,0,2,0,0,0,1
59,100416_00002,1,3,0,1,0,0,0,3,0,1,0,1
60,101687_00001,1,4,1,0,0,0,0,1,0,1,0,4
61,101689_00001,1,4,1,0,0,0,0,1,0,0,0,2
63,100418_00001,1,3,0,1,0,0,0,1,0,1,0,1
64,100157_00001,2,1,0,1,0,0,0,1,0,1,1,2
65,101639_00001,2,2,1,0,0,0,0,1,1,1,1,4
66,101091_00001,1,5,1,0,0,0,0,1,1,1,1,2
67,101694_00001,1,4,0,0,0,1,0,1,0,0,0,4
68,100419_00001,1,3,1,0,0,0,0,1,0,1,0,2
69,101092_00001,1,5,1,0,0,0,0,1,1,1,1,2
70,101695_00001,1,4,1,0,0,0,0,1,1,1,1,4
71,100164_00001,2,1,1,0,0,0,0,1,1,1,1,3
72,100180_00001,2,1,1,0,0,0,0,1,1,1,0,2
73,101658_00001,2,2,1,0,0,0,0,1,0,1,0,4
74,101697_00001,1,4,0,1,0,0,0,1,0,1,1,2
75,100424_00001,1,3,1,0,0,0,0,1,0,1,1,3
77,101093_00001,1,5,1,0,0,0,0,1,1,1,1,4
78,100427_00001,1,3,1,0,0,0,0,1,1,1,0,2
79,101097_00001,1,5,1,0,0,0,0,1,1,1,1,2
81,101713_00001,1,4,1,0,0,0,0,1,1,1,1,2
82,101716_00001,1,4,1,0,0,0,0,1,1,1,0,2
83,100430_00001,1,3,0,1,0,0,0,1,0,1,0,4
84,101101_00001,1,5,1,0,0,0,0,1,1,1,0,2
85,101698_00001,2,2,1,0,0,0,0,1,1,0,0,2
86,101717_00001,2,2,0,0,1,0,0,1,0,0,0,4
87,101103_00001,1,5,1,0,0,0,0,1,0,1,0,4
88,100196_00001,2,1,0,0,1,0,0,1,0,0,0,2
89,100431_00001,1,3,0,0,1,0,0,1,0,0,0,3
90,101735_00001,2,2,1,0,0,0,0,1,1,1,0,2
91,100200_00001,2,1,1,0,0,0,0,2,1,1,0,2
92,101106_00001,1,5,0,1,0,0,0,1,0,1,1,1
93,100213_00001,2,1,0,1,0,0,0,1,0,0,0,2
94,100219_00001,2,1,1,0,0,0,0,1,1,1,0,2
95,101111_00001,1,5,1,0,0,0,0,1,0,1,0,1
96,101721_00001,1,4,0,0,0,1,0,1,1,1,1,3
97,101744_00001,2,2,1,0,0,0,0,1,1,1,1,2
98,101728_00001,1,4,1,0,0,0,0,1,0,0,0,2
99,101122_00001,1,5,1,0,0,0,0,1,0,0,0,4
100,100435_00001,1,3,1,0,0,0,0,1,1,1,0,4
101,101767_00001,2,2,1,0,0,0,0,1,1,1,0,2
103,101787_00001,2,2,1,0,0,0,0,1,0,1,1,4
104,100229_00001,2,1,1,0,0,0,0,1,1,1,0,2
105,100438_00001,1,3,0,1,0,0,0,1,0,1,0,4
106,101127_00001,1,5,1,0,0,0,0,1,1,1,0,2
108,101794_00001,2,2,0,0,1,0,0,1,0,0,0,3
109,101795_00001,2,2,1,0,0,0,0,1,1,1,0,1
110,100463_00001,1,3,1,0,0,0,0,1,0,1,0,2
111,101128_00001,1,5,1,0,0,0,0,2,0,0,0,1
113,101733_00001,1,4,1,0,0,0,0,1,1,0,0,2
114,101808_00001,2,2,1,0,0,0,0,1,0,1,0,3
115,101129_00001,1,5,0,0,1,0,0,1,0,0,0,2
116,100479_00001,1,3,1,0,0,0,0,2,0,0,0,1
117,101813_00001,2,2,0,1,0,0,0,1,0,0,1,4
118,100492_00001,1,3,0,1,0,0,0,1,0,1,0,2
119,101749_00001,1,4,0,0,1,0,0,1,0,0,0,3
120,101132_00001,1,5,1,0,0,0,0,1,1,1,0,3
121,101829_00001,2,2,1,0,0,0,0,1,1,1,1,1
122,101133_00001,1,5,1,0,0,0,0,1,1,1,0,3
123,101751_00001,1,4,1,0,0,0,0,2,0,0,0,4
124,101836_00001,2,2,0,1,0,0,0,1,1,1,1,4
125,101139_00001,1,5,1,0,0,0,0,1,1,1,0,2
126,101752_00001,1,4,0,1,0,0,0,1,0,0,1,1
127,101845_00001,2,2,1,0,0,0,0,1,1,1,0,1
128,100248_00001,2,1,1,0,0,0,0,1,1,0,0,2
129,101855_00001,2,2,1,0,0,0,0,1,1,1,1,1
130,100257_00001,2,1,1,0,0,0,0,1,0,0,0,2
132,101147_00001,1,5,1,0,0,0,0,1,1,1,1,2
133,100262_00001,2,1,0,1,0,0,0,1,0,1,1,4
134,101906_00001,2,2,1,0,0,0,0,1,1,1,1,4
135,100496_00001,1,3,1,0,0,0,0,1,1,1,0,1
136,101912_00001,2,2,1,0,0,0,0,1,1,1,1,2
137,100498_00001,1,3,1,0,0,0,0,1,1,1,0,2
139,100266_00001,2,1,1,0,0,0,0,1,1,0,1,4
140,101759_00001,1,4,1,0,0,0,0,1,1,1,1,2
141,100285_00001,2,1,1,0,0,0,0,1,1,1,0,4
142,100328_00001,2,1,1,0,0,0,0,1,1,1,0,2
143,100503_00001,1,3,1,0,0,0,0,1,0,0,0,4
144,100345_00001,2,1,1,0,0,0,0,1,1,1,1,2
145,101918_00001,2,2,0,1,0,0,0,1,0,1,0,1
146,100356_00001,2,1,1,0,0,0,0,1,1,1,0,4
147,101930_00001,2,2,0,1,0,0,0,1,0,1,0,2
148,100506_00001,1,3,1,0,0,0,0,1,1,1,0,4
149,100373_00001,2,1,1,0,0,0,0,1,1,1,1,3
150,100508_00001,1,3,0,1,0,0,0,1,0,1,1,4
151,101964_00001,2,2,0,0,1,0,0,1,0,0,0,3
152,101792_00001,1,4,0,0,1,0,0,1,0,0,0,2
154,100515_00001,1,3,1,0,0,0,0,1,1,0,0,1
155,101988_00001,2,2,0,1,0,0,0,1,0,0,0,4
156,100381_00001,2,1,0,1,0,0,0,1,0,1,0,4
157,101796_00001,1,4,1,0,0,0,0,1,1,1,1,2
158,101800_00001,1,4,0,1,0,0,0,1,0,1,1,4
159,101151_00001,1,5,1,0,0,0,0,1,1,0,0,4
160,101159_00001,1,5,1,0,0,0,0,1,0,1,1,2
161,100526_00001,1,3,0,1,0,0,0,1,0,1,0,4
162,101163_00001,1,5,1,0,0,0,0,1,1,1,0,2
163,100530_00001,1,3,1,0,0,0,0,1,1,1,0,1
164,100386_00001,2,1,1,0,0,0,0,1,0,0,0,2
165,100394_00001,2,1,1,0,0,0,0,1,1,1,0,2
166,100533_00001,1,3,1,0,0,0,0,1,1,1,0,3
168,101806_00001,1,4,1,0,0,0,0,2,1,1,1,2
169,101815_00001,1,4,0,0,1,0,0,1,0,0,0,2
170,102039_00001,2,2,1,0,0,0,0,1,1,1,1,4
171,100407_00001,2,1,1,0,0,0,0,1,1,1,0,4
172,100413_00001,2,1,1,0,0,0,0,1,0,1,0,2
173,100542_00001,1,3,1,0,0,0,0,1,1,0,0,2
174,100426_00001,2,1,0,1,0,0,0,1,0,0,0,2
175,101816_00001,1,4,1,0,0,0,0,1,1,0,0,3
176,101168_00001,1,5,1,0,0,0,0,3,1,0,0,3
177,102040_00001,2,2,1,0,0,0,0,1,1,1,1,4
178,101819_00001,1,4,1,0,0,0,0,1,0,0,1,4
179,100544_00001,1,3,1,0,0,0,0,2,1,0,0,2
180,101832_00001,1,4,1,0,0,0,0,1,0,0,1,2
181,100436_00001,2,1,1,0,0,0,0,1,1,1,0,3
182,100555_00001,1,3,0,1,0,0,0,1,0,1,1,2
183,101835_00001,1,4,1,0,0,0,0,2,1,1,1,1
184,100372_00001,2,1,0,0,1,0,0,1,0,0,0,3
185,102041_00001,2,2,1,0,0,0,0,1,0,1,1,4
187,101837_00001,1,4,1,0,0,0,0,1,0,1,0,2
188,102057_00001,2,2,1,0,0,0,0,1,1,1,0,2
189,100557_00001,1,3,1,0,0,0,0,1,1,1,0,2
191,101838_00001,1,4,1,0,0,0,0,1,0,1,1,2
193,101178_00001,1,5,1,0,0,0,0,1,1,0,0,2
194,101841_00001,1,4,0,0,1,0,0,1,0,0,0,4
195,101842_00001,1,4,1,0,0,0,0,1,1,1,0,2
196,100565_00001,1,3,1,0,0,0,0,1,1,1,0,2
198,101180_00001,1,5,0,1,0,0,0,1,0,1,0,3
199,102065_00002,2,2,0,1,0,0,0,1,0,1,0,4
200,100576_00001,1,3,0,0,1,0,0,1,0,0,0,3
201,101847_00001,1,4,0,0,1,0,0,1,0,0,0,2
202,100583_00001,1,3,0,1,0,0,0,1,0,1,0,4
204,101852_00001,1,4,1,0,0,0,0,1,1,0,0,2
205,101188_00001,1,5,0,0,1,0,0,1,0,0,1,4
206,101203_00001,1,5,1,0,0,0,0,1,0,1,0,1
209,102072_00001,2,2,0,1,0,0,0,1,0,1,1,2
210,100588_00001,1,3,1,0,0,0,0,1,1,1,0,2
212,101856_00001,1,4,1,0,0,0,0,1,1,1,0,4
213,101219_00001,1,5,1,0,0,0,0,1,0,1,0,2
214,100265_00001,2,1,1,0,0,0,0,2,1,1,1,4
215,100462_00001,2,1,1,0,0,0,0,1,1,1,1,4
216,100467_00001,2,1,1,0,0,0,0,1,1,1,1,2
217,100474_00001,2,1,1,0,0,0,0,1,0,0,0,4
218,100477_00001,2,1,0,0,1,0,0,1,0,0,0,3
219,100512_00001,2,1,1,0,0,0,0,1,1,1,0,4
220,100520_00001,2,1,1,0,0,0,0,1,1,1,1,4
221,100528_00001,2,1,1,0,0,0,0,1,0,1,0,4
222,102090_00001,2,2,0,1,0,0,0,2,1,1,0,1
223,102105_00001,2,2,1,0,0,0,0,1,0,1,0,4
224,102111_00001,2,2,0,1,0,0,0,1,0,0,0,4
225,102133_00001,2,2,1,0,0,0,0,1,1,1,0,3
226,102137_00001,2,2,1,0,0,0,0,1,1,0,0,1
227,100554_00001,2,1,1,0,0,0,0,1,0,0,0,2
228,100574_00001,2,1,1,0,0,0,0,1,1,0,1,2
229,100616_00001,2,1,1,0,0,0,0,1,1,1,1,2
230,102138_00001,2,2,1,0,0,0,0,1,1,1,1,2
231,101857_00001,1,4,1,0,0,0,0,1,0,1,0,2
232,100589_00001,1,3,1,0,0,0,0,1,0,1,1,1
233,101863_00001,1,4,1,0,0,0,0,1,0,1,1,2
234,102140_00001,2,2,1,0,0,0,0,1,0,0,0,4
235,101872_00001,1,4,0,0,1,0,0,1,0,0,0,2
236,101220_00001,1,5,1,0,0,0,0,1,1,1,0,2
237,101877_00001,1,4,1,0,0,0,0,1,1,1,0,2
238,101221_00001,1,5,1,0,0,0,0,1,1,0,0,2
239,100598_00001,1,3,0,1,0,0,0,1,0,1,1,4
240,101222_00001,1,5,0,1,0,0,0,1,0,0,0,1
242,101880_00001,1,4,1,0,0,0,0,1,1,1,0,2
243,101232_00001,1,5,1,0,0,0,0,1,1,0,0,1
244,100602_00001,1,3,1,0,0,0,0,1,1,1,0,2
245,101886_00001,1,4,1,0,0,0,0,1,1,0,0,2
246,102160_00001,2,2,1,0,0,0,0,1,1,1,0,2
247,100608_00001,1,3,1,0,0,0,0,1,1,1,0,4
248,101236_00001,1,5,1,0,0,0,0,3,1,0,0,2
249,101895_00001,1,4,0,1,0,0,0,1,0,1,1,1
250,100611_00001,1,3,0,0,1,0,0,1,0,0,0,4
251,102164_00001,2,2,0,1,0,0,0,2,0,0,0,3
252,100613_00001,1,3,1,0,0,0,0,1,1,0,0,4
253,102167_00001,2,2,1,0,0,0,0,1,1,1,0,2
254,100623_00001,1,3,0,0,1,0,0,1,0,0,0,4
255,101898_00001,1,4,0,0,0,1,0,1,1,1,1,2
256,101238_00001,1,5,1,0,0,0,0,1,1,1,1,2
257,101899_00001,1,4,1,0,0,0,0,1,0,1,0,2
258,101244_00001,1,5,1,0,0,0,0,1,1,1,1,2
259,101900_00001,1,4,0,0,1,0,0,1,0,0,0,4
260,100617_00001,1,3,1,0,0,0,0,1,1,0,0,2
261,101247_00001,1,5,1,0,0,0,0,1,1,1,0,1
263,100619_00001,2,1,1,0,0,0,0,1,1,1,0,2
264,100636_00001,2,1,1,0,0,0,0,1,1,1,1,2
265,102195_00001,2,2,0,0,1,0,0,1,0,0,0,4
266,100642_00001,2,1,1,0,0,0,0,1,1,1,0,2
267,100645_00001,1,3,0,1,0,0,0,1,1,1,0,4
268,100647_00001,2,1,1,0,0,0,0,1,1,1,0,2
269,100634_00001,1,3,0,1,0,0,0,1,0,1,0,4
270,101909_00001,1,4,0,1,0,0,0,1,0,1,0,4
271,100649_00001,1,3,1,0,0,0,0,1,1,1,1,1
272,102203_00001,2,2,0,0,1,0,0,1,0,0,0,4
273,100703_00001,2,1,0,0,1,0,0,1,0,0,0,3
274,100709_00001,2,1,1,0,0,0,0,1,1,1,1,2
275,100652_00001,1,3,0,1,0,0,0,1,0,1,0,1
276,101915_00001,1,4,1,0,0,0,0,1,0,1,0,4
278,100655_00001,1,3,1,0,0,0,0,1,1,1,0,2
279,101917_00001,1,4,1,0,0,0,0,1,1,1,1,2
280,100740_00001,2,1,0,1,0,0,0,1,0,1,0,2
281,101931_00001,1,4,1,0,0,0,0,1,1,1,0,2
282,101258_00001,1,5,1,0,0,0,0,1,0,1,0,4
283,100745_00001,2,1,1,0,0,0,0,1,1,1,0,4
284,100747_00001,2,1,1,0,0,0,0,1,0,1,1,4
285,100658_00001,1,3,0,1,0,0,0,1,0,1,1,4
286,101940_00001,1,4,1,0,0,0,0,1,1,1,1,2
287,101261_00001,1,5,1,0,0,0,0,1,1,1,1,2
288,102204_00001,2,2,0,1,0,0,0,1,0,1,1,2
290,101952_00001,1,4,1,0,0,0,0,1,0,0,0,2
291,101954_00001,1,4,1,0,0,0,0,1,1,0,0,1
292,101266_00001,1,5,0,1,0,0,0,1,0,1,1,2
293,100757_00001,2,1,0,1,0,0,0,1,0,1,0,4
294,101271_00001,1,5,1,0,0,0,0,1,1,1,0,2
295,100665_00001,1,3,1,0,0,0,0,1,1,1,0,2
296,102216_00001,2,2,0,0,1,0,0,1,0,0,0,2
297,101274_00001,1,5,0,0,1,0,0,1,0,0,0,2
298,101955_00001,1,4,0,1,0,0,0,1,0,1,0,2
299,100667_00001,1,3,1,0,0,0,0,1,1,1,0,2
300,101960_00001,1,4,1,0,0,0,0,1,0,1,0,2
301,100668_00001,1,3,1,0,0,0,0,1,0,1,0,2
302,102218_00001,2,2,0,0,1,0,0,1,0,0,0,3
303,101284_00001,1,5,1,0,0,0,0,1,1,1,1,2
304,101286_00001,1,5,0,0,1,0,0,1,0,0,0,4
306,100679_00001,1,3,1,0,0,0,0,1,0,0,0,1
307,101290_00001,1,5,0,0,0,1,0,1,0,1,0,3
308,100822_00001,2,1,0,0,1,0,0,1,0,0,0,2
309,100826_00001,2,1,1,0,0,0,0,1,1,1,0,1
311,101969_00001,1,4,0,0,0,1,0,1,0,1,1,3
312,101971_00001,1,4,0,0,0,1,0,1,0,0,0,3
314,101295_00001,1,5,0,0,1,0,0,1,0,1,1,2
315,101972_00001,1,4,1,0,0,0,0,1,0,1,0,2
316,100002_00001,1,2,1,0,0,0,0,1,1,1,1,3
317,100687_00001,1,3,0,1,0,0,0,1,0,1,0,2
318,101976_00001,1,4,1,0,0,0,0,1,0,1,1,2
319,100690_00001,1,3,1,0,0,0,0,2,0,1,0,1
320,101983_00001,1,4,1,0,0,0,0,1,0,1,1,2
321,100009_00001,1,2,1,0,0,0,0,1,1,1,1,1
322,101987_00001,1,4,1,0,0,0,0,1,1,0,0,2
323,101296_00001,1,5,0,0,0,1,0,1,0,0,0,4
324,100705_00001,1,3,0,0,1,0,0,1,0,0,0,3
325,100028_00001,1,2,0,1,0,0,0,1,0,0,1,4
326,101306_00001,1,5,1,0,0,0,0,1,1,1,1,2
327,100711_00001,1,3,0,1,0,0,0,1,0,1,1,3
328,101313_00001,1,5,1,0,0,0,0,1,1,1,0,1
330,101314_00001,1,5,1,0,0,0,0,1,0,1,1,3
331,101994_00001,1,4,0,0,0,1,0,1,1,1,0,4
332,101321_00001,1,5,1,0,0,0,0,1,1,1,0,4
333,100030_00001,1,2,1,0,0,0,0,1,0,1,1,4
334,100713_00001,1,3,1,0,0,0,0,1,1,0,0,2
335,100842_00001,2,1,1,0,0,0,0,1,1,1,1,4
336,101995_00001,1,4,0,1,0,0,0,1,0,1,1,2
337,100850_00001,2,1,0,1,0,0,0,1,0,0,0,4
338,100871_00001,2,1,1,0,0,0,0,1,1,1,0,2
339,100034_00001,1,2,1,0,0,0,0,1,1,1,0,2
340,100714_00001,1,3,1,0,0,0,0,1,1,1,0,2
341,101998_00001,1,4,1,0,0,0,0,1,1,1,1,4
342,100715_00001,1,3,0,1,0,0,0,1,0,1,0,2
343,100903_00001,2,1,0,0,1,0,0,2,0,0,0,2
344,101338_00001,1,5,1,0,0,0,0,3,1,1,0,1
345,100904_00001,2,1,1,0,0,0,0,1,1,1,0,2
348,100908_00001,2,1,1,0,0,0,0,1,1,1,1,4
349,102002_00001,1,4,1,0,0,0,0,1,1,0,0,4
350,101340_00001,1,5,0,1,0,0,0,1,0,1,1,4
351,100043_00001,1,2,1,0,0,0,0,1,1,1,0,2
352,100725_00001,1,3,0,1,0,0,0,1,0,1,0,4
353,101342_00001,1,5,0,1,0,0,0,1,0,1,1,4
354,100050_00001,1,2,1,0,0,0,0,1,0,1,1,4
355,102003_00001,1,4,1,0,0,0,0,1,1,1,0,2
356,101348_00001,1,5,0,1,0,0,0,1,0,1,0,2
357,100727_00001,1,3,1,0,0,0,0,1,1,1,0,2
358,101351_00001,1,5,1,0,0,0,0,1,0,1,1,4
359,100926_00001,2,1,0,1,0,0,0,1,0,0,1,4
360,101352_00001,1,5,0,1,0,0,0,1,1,1,0,4
361,100728_00001,1,3,1,0,0,0,0,1,1,1,0,4
362,100933_00001,2,1,0,0,1,0,0,1,0,0,1,4
363,100056_00001,1,2,0,0,1,0,0,1,0,1,0,1
364,100058_00001,1,2,0,0,1,0,0,1,0,1,1,1
365,102004_00001,1,4,0,1,0,0,0,1,0,1,0,2
366,101360_00001,1,5,1,0,0,0,0,1,0,0,0,4
367,100060_00001,1,2,1,0,0,0,0,1,1,1,0,1
368,100732_00001,1,3,0,1,0,0,0,1,0,1,1,4
369,101369_00001,1,5,0,0,1,0,0,1,0,1,1,2
370,102005_00001,1,4,1,0,0,0,0,1,1,1,0,3
371,100934_00001,2,1,0,0,0,1,0,1,0,0,0,4
372,100943_00001,2,1,1,0,0,0,0,1,0,0,0,2
373,100733_00001,1,3,0,0,1,0,0,1,0,0,0,2
374,102006_00001,1,4,1,0,0,0,0,1,1,1,1,2
375,101378_00001,1,5,1,0,0,0,0,1,0,0,0,1
376,102013_00001,1,4,1,0,0,0,0,1,1,1,0,2
377,100065_00001,1,2,1,0,0,0,0,1,0,0,0,1
378,100734_00001,1,3,1,0,0,0,0,1,1,0,0,2
379,101391_00001,1,5,1,0,0,0,0,1,1,1,0,2
380,101392_00001,1,5,1,0,0,0,0,1,1,1,0,2
382,101403_00001,1,5,0,0,1,0,0,1,0,1,1,2
383,100743_00001,1,3,0,1,0,0,0,1,0,1,1,4
384,101404_00001,1,5,1,0,0,0,0,1,1,1,0,4
385,100755_00001,1,3,1,0,0,0,0,3,1,1,0,2
386,101406_00001,1,5,1,0,0,0,0,1,1,1,1,1
387,102024_00001,1,4,0,1,0,0,0,1,0,1,0,1
388,101409_00001,1,5,1,0,0,0,0,1,1,1,0,1
389,100756_00001,1,3,1,0,0,0,0,1,1,1,1,2
390,102026_00001,1,4,1,0,0,0,0,2,0,1,1,2
391,101410_00001,1,5,1,0,0,0,0,1,1,0,0,2
392,102029_00001,1,4,1,0,0,0,0,1,0,1,1,1
393,102035_00001,1,4,1,0,0,0,0,1,0,0,0,1
394,100775_00001,1,3,1,0,0,0,0,1,1,1,0,4
395,100776_00001,1,3,1,0,0,0,0,1,1,1,1,4
396,100948_00001,2,1,0,1,0,0,0,1,1,1,0,4
397,102037_00001,1,4,1,0,0,0,0,1,0,0,0,4
398,100950_00001,2,1,1,0,0,0,0,1,1,1,1,2
399,102045_00001,1,4,1,0,0,0,0,2,1,1,0,2
400,100956_00001,2,1,0,0,1,0,0,1,0,0,0,3
401,101413_00001,1,5,0,1,0,0,0,1,0,1,1,4
402,100789_00001,1,3,0,0,1,0,0,1,0,0,0,2
403,100959_00001,2,1,1,0,0,0,0,1,1,1,0,4
405,101415_00001,1,5,1,0,0,0,0,1,0,1,1,2
406,100790_00001,1,3,1,0,0,0,0,1,1,1,0,2
407,101419_00001,1,5,1,0,0,0,0,1,1,1,1,2
408,102049_00001,1,4,1,0,0,0,0,1,1,1,1,4
409,100983_00001,2,1,1,0,0,0,0,1,0,1,0,2
410,100795_00001,1,3,1,0,0,0,0,2,1,1,0,2
411,100074_00001,1,2,0,0,1,0,0,1,0,0,0,4
412,101421_00001,1,5,0,1,0,0,0,1,0,1,0,4
413,102051_00001,1,4,0,0,1,0,0,1,0,0,0,3
414,100086_00001,1,2,1,0,0,0,0,1,0,0,0,2
415,100796_00001,1,3,1,0,0,0,0,1,1,0,0,2
416,100988_00001,2,1,1,0,0,0,0,1,1,1,0,4
417,100093_00001,1,2,1,0,0,0,0,1,1,1,1,2
418,102053_00001,1,4,1,0,0,0,0,1,1,1,1,4
419,102054_00001,1,4,0,1,0,0,0,1,0,1,1,4
420,100799_00001,1,3,1,0,0,0,0,1,1,1,0,4
421,100994_00001,2,1,1,0,0,0,0,1,1,0,0,2
422,101434_00001,1,5,1,0,0,0,0,1,1,1,0,4
423,100100_00001,1,2,1,0,0,0,0,1,1,1,1,1
424,101446_00001,1,5,1,0,0,0,0,1,1,1,1,2
425,100803_00001,1,3,0,0,1,0,0,1,0,0,0,4
426,101013_00001,2,1,1,0,0,0,0,1,1,1,0,2
427,101014_00001,2,1,1,0,0,0,0,1,1,0,0,2
428,100101_00001,1,2,0,0,1,0,0,1,0,1,0,1
429,101026_00001,2,1,0,0,1,0,0,1,0,0,0,2
430,102058_00001,1,4,1,0,0,0,0,2,1,1,0,2
431,101038_00001,2,1,1,0,0,0,0,1,1,1,0,2
432,101043_00001,2,1,1,0,0,0,0,1,1,1,0,2
434,101048_00001,2,1,1,0,0,0,0,1,1,1,1,2
435,100809_00001,1,3,1,0,0,0,0,1,0,0,0,4
436,102061_00001,1,4,1,0,0,0,0,1,0,1,1,4
437,101454_00001,1,5,1,0,0,0,0,1,1,1,1,4
438,100102_00001,1,2,1,0,0,0,0,1,0,1,1,4
439,101063_00001,2,1,0,1,0,0,0,1,0,1,1,1
440,101456_00001,1,5,0,0,1,0,0,1,0,1,1,2
441,101068_00001,2,1,0,0,1,0,0,1,0,0,0,3
442,102063_00001,1,4,1,0,0,0,0,1,0,1,0,4
443,101102_00001,2,1,0,1,0,0,0,1,1,1,0,4
444,101472_00001,1,5,1,0,0,0,0,1,1,1,1,1
445,101112_00001,2,1,0,1,0,0,0,1,1,1,0,4
446,100815_00001,1,3,1,0,0,0,0,1,1,0,0,1
447,101118_00001,2,1,1,0,0,0,0,1,1,1,0,4
448,100107_00001,1,2,1,0,0,0,0,1,1,1,1,2
449,100820_00001,1,3,0,1,0,0,0,2,0,0,0,2
450,100110_00001,1,2,0,1,0,0,0,1,0,1,1,1
452,101137_00001,2,1,1,0,0,0,0,1,1,1,1,1
453,101475_00001,1,5,1,0,0,0,0,1,1,0,0,4
454,101120_00001,2,1,1,0,0,0,0,1,0,1,0,4
455,100113_00001,1,2,0,1,0,0,0,1,0,1,1,4
457,101142_00001,2,1,0,1,0,0,0,1,1,1,0,4
458,100825_00001,1,3,0,0,1,0,0,1,0,0,0,4
459,100116_00001,1,2,0,1,0,0,0,1,0,1,0,1
460,102083_00001,1,4,1,0,0,0,0,1,1,1,1,2
461,101478_00001,1,5,1,0,0,0,0,1,1,1,1,4
462,100837_00001,1,3,1,0,0,0,0,1,1,1,0,1
463,102084_00001,1,4,0,1,0,0,0,1,0,1,1,4
464,102085_00001,1,4,0,1,0,0,0,1,0,1,1,2
465,102091_00001,1,4,1,0,0,0,0,1,1,0,0,2
466,100860_00001,1,3,0,1,0,0,0,1,0,1,0,1
467,102094_00001,1,4,1,0,0,0,0,1,0,1,1,2
468,101482_00001,1,5,1,0,0,0,0,2,0,1,0,2
469,100875_00001,1,3,1,0,0,0,0,1,1,1,1,1
470,102102_00001,1,4,1,0,0,0,0,1,1,1,1,2
472,101483_00001,1,5,0,1,0,0,0,1,0,0,0,4
473,100882_00001,1,3,1,0,0,0,0,2,1,1,0,1
474,101485_00001,1,5,0,0,1,0,0,1,0,0,0,1
475,101496_00001,1,5,1,0,0,0,0,1,0,1,1,3
476,102103_00001,1,4,1,0,0,0,0,1,0,0,0,2
477,100124_00001,1,2,1,0,0,0,0,1,1,0,0,1
478,102107_00001,1,4,0,1,0,0,0,1,0,1,1,4
479,101501_00001,1,5,1,0,0,0,0,1,1,0,0,1
480,101505_00001,1,5,1,0,0,0,0,1,1,1,0,1
481,100884_00001,1,3,0,1,0,0,0,1,0,1,0,4
482,100912_00001,1,3,0,0,1,0,0,1,0,0,0,2
483,101508_00001,1,5,0,1,0,0,0,1,0,1,1,4
484,100913_00001,1,3,0,1,0,0,0,1,0,0,0,2
485,100127_00001,1,2,1,0,0,0,0,1,1,1,0,2
486,102109_00001,1,4,1,0,0,0,0,1,1,1,1,2
487,101509_00001,1,5,1,0,0,0,0,1,1,1,1,4
488,100130_00001,1,2,1,0,0,0,0,1,1,1,0,1
489,101161_00001,2,1,0,1,0,0,0,1,0,1,0,4
490,102112_00001,1,4,1,0,0,0,0,1,0,1,1,2
491,101512_00001,1,5,1,0,0,0,0,2,0,1,0,1
492,102115_00001,1,4,0,1,0,0,0,1,0,1,1,4
494,101169_00001,2,1,1,0,0,0,0,1,1,1,0,2
495,100919_00001,1,3,1,0,0,0,0,1,1,1,1,4
496,101175_00001,2,1,1,0,0,0,0,1,1,1,1,2
497,102118_00001,1,4,0,1,0,0,0,1,0,1,1,2
498,101517_00001,1,5,1,0,0,0,0,1,1,1,1,3
499,101196_00001,2,1,1,0,0,0,0,1,1,1,0,4
500,101521_00001,1,5,1,0,0,0,0,1,1,0,0,3
501,101530_00001,1,5,1,0,0,0,0,1,1,1,1,2
503,101532_00001,1,5,1,0,0,0,0,1,1,1,0,4
504,101205_00001,2,1,1,0,0,0,0,1,0,0,0,4
505,102128_00001,1,4,1,0,0,0,0,1,1,1,1,2
506,100134_00001,1,2,0,0,1,0,0,1,0,0,0,3
507,100931_00001,1,3,1,0,0,0,0,1,1,1,0,4
508,101536_00001,1,5,1,0,0,0,0,1,1,1,1,2
509,101537_00001,1,5,1,0,0,0,0,2,1,0,0,1
510,101538_00001,1,5,1,0,0,0,0,1,1,1,1,1
511,102130_00001,1,4,0,1,0,0,0,1,0,1,1,4
512,100138_00001,1,2,1,0,0,0,0,1,1,1,1,2
513,100932_00001,1,3,0,1,0,0,0,1,0,1,0,2
514,101227_00001,2,1,1,0,0,0,0,1,1,1,0,2
515,100140_00001,1,2,1,0,0,0,0,1,1,1,0,1
516,102132_00001,1,4,1,0,0,0,0,1,0,1,1,4
518,102134_00001,1,4,1,0,0,0,0,1,1,1,0,1
519,100942_00001,1,3,1,0,0,0,0,1,1,1,0,1
520,102139_00001,1,4,0,0,1,0,0,1,0,0,0,3
521,101540_00001,1,5,1,0,0,0,0,1,0,1,0,1
522,101229_00001,2,1,1,0,0,0,0,1,1,1,0,2
523,100144_00001,1,2,0,0,1,0,0,1,0,1,1,2
524,102141_00001,1,4,0,1,0,0,0,1,0,1,0,2
525,101541_00001,1,5,0,0,1,0,0,1,0,0,0,2
526,101249_00001,2,1,1,0,0,0,0,1,1,1,0,2
527,101547_00001,1,5,1,0,0,0,0,1,0,1,1,1
528,102149_00001,1,4,1,0,0,0,0,1,1,1,0,1
529,100965_00001,1,3,1,0,0,0,0,1,1,0,0,2
530,100153_00001,1,2,0,0,1,0,0,1,0,0,0,3
531,102156_00001,1,4,1,0,0,0,0,1,1,1,1,4
532,101548_00001,1,5,1,0,0,0,0,1,1,1,1,1
534,102159_00001,1,4,0,0,1,0,0,1,0,1,0,2
535,100967_00001,1,3,1,0,0,0,0,1,1,1,0,1
536,102166_00001,1,4,1,0,0,0,0,1,1,0,0,1
538,100162_00001,1,2,0,0,1,0,0,1,0,1,0,3
539,102171_00001,1,4,1,0,0,0,0,1,1,1,1,3
540,100163_00001,1,2,1,0,0,0,0,1,0,1,0,2
541,100975_00001,1,3,0,1,0,0,0,1,0,1,0,2
542,101254_00001,2,1,1,0,0,0,0,1,1,1,0,2
543,102179_00001,1,4,1,0,0,0,0,1,1,1,1,2
544,101264_00001,2,1,0,1,0,0,0,1,1,1,0,4
545,100976_00001,1,3,1,0,0,0,0,1,0,1,0,2
546,100166_00001,1,2,1,0,0,0,0,1,1,1,1,4
547,100978_00001,1,3,1,0,0,0,0,1,1,1,0,3
548,102181_00001,1,4,1,0,0,0,0,1,1,1,0,2
549,100167_00001,1,2,1,0,0,0,0,1,0,1,1,1
550,101561_00001,1,5,1,0,0,0,0,1,1,1,1,4
551,101564_00001,1,5,0,1,0,0,0,1,0,0,0,4
553,100168_00001,1,2,0,0,1,0,0,1,0,1,1,2
554,102191_00001,1,4,1,0,0,0,0,1,1,1,1,2
556,101267_00001,2,1,1,0,0,0,0,1,1,1,0,4
557,102193_00001,1,4,0,1,0,0,0,1,0,1,1,4
558,102205_00001,1,4,1,0,0,0,0,1,1,1,0,2
559,101322_00001,2,1,0,1,0,0,0,1,0,0,0,4
561,101569_00001,1,5,1,0,0,0,0,1,1,1,1,2
562,102206_00001,1,4,0,1,0,0,0,1,0,1,1,4
563,101574_00001,1,5,0,0,1,0,0,1,0,0,0,3
564,101000_00001,1,3,1,0,0,0,0,1,1,1,1,2
566,101336_00001,2,1,1,0,0,0,0,1,0,1,0,4
567,100176_00001,1,2,1,0,0,0,0,1,1,1,1,2
568,101339_00001,2,1,1,0,0,0,0,1,1,1,0,4
569,101345_00001,2,1,0,1,0,0,0,1,0,1,1,4
570,101576_00001,1,5,1,0,0,0,0,2,0,1,0,3
571,101003_00001,1,3,0,1,0,0,0,1,0,0,0,4
574,100183_00001,1,2,1,0,0,0,0,1,0,1,0,1
575,101367_00001,2,1,1,0,0,0,0,1,0,1,0,1
576,101007_00001,1,3,1,0,0,0,0,1,0,0,1,4
577,101375_00001,2,1,1,0,0,0,0,1,1,0,0,2
578,101376_00001,2,1,1,0,0,0,0,1,1,1,1,3
579,102208_00001,1,4,1,0,0,0,0,1,1,1,1,2
580,101377_00001,2,1,0,0,1,0,0,1,0,0,0,2
581,100187_00001,1,2,0,0,1,0,0,1,0,1,0,1
582,101015_00001,1,3,1,0,0,0,0,1,1,1,0,2
583,101582_00001,1,5,1,0,0,0,0,1,1,1,0,2
584,101396_00001,2,1,1,0,0,0,0,1,1,1,0,4
585,101408_00001,2,1,0,0,1,0,0,1,0,0,0,3
586,101417_00001,2,1,1,0,0,0,0,1,0,1,0,2
587,101019_00001,1,3,1,0,0,0,0,1,1,1,1,1
588,101425_00001,2,1,0,1,0,0,0,1,0,0,0,4
589,100194_00001,1,2,1,0,0,0,0,1,1,1,0,2
590,101021_00001,1,3,1,0,0,0,0,2,1,1,0,1
592,101023_00001,1,3,0,0,1,0,0,2,0,1,1,2
593,100204_00001,1,2,1,0,0,0,0,1,1,1,0,1
594,101024_00001,1,3,0,0,1,0,0,1,0,1,1,2
595,100205_00001,1,2,1,0,0,0,0,1,1,1,1,2
596,101427_00001,2,1,1,0,0,0,0,1,1,1,1,2
597,101029_00001,1,3,1,0,0,0,0,2,0,0,0,1
598,101589_00001,1,5,0,1,0,0,0,1,0,1,1,4
599,100208_00001,1,2,1,0,0,0,0,1,1,1,1,2
600,101436_00001,2,1,0,1,0,0,0,1,1,1,0,1
601,101591_00001,1,5,0,0,1,0,0,1,0,1,1,2
602,101488_00001,2,1,1,0,0,0,0,2,1,1,1,2
603,101503_00001,2,1,0,1,0,0,0,1,0,1,0,4
604,101592_00001,1,5,1,0,0,0,0,1,1,0,0,2
605,101533_00001,2,1,1,0,0,0,0,1,1,1,0,4
606,101597_00001,1,5,1,0,0,0,0,1,1,1,0,2
607,101534_00001,2,1,1,0,0,0,0,1,1,0,0,1
608,101598_00001,1,5,1,0,0,0,0,1,1,1,0,2
609,101543_00001,2,1,0,0,0,1,0,1,1,1,1,4
610,101545_00001,2,1,0,0,1,0,0,1,0,0,0,4
611,101550_00001,2,1,0,0,0,1,0,1,1,1,0,4
612,100217_00001,1,2,1,0,0,0,0,1,1,0,1,2
613,101418_00001,2,1,0,0,1,0,0,1,0,0,0,3
614,100226_00001,1,2,1,0,0,0,0,1,1,0,0,2
615,100234_00001,1,2,1,0,0,0,0,1,1,0,0,2
616,100235_00001,1,2,0,1,0,0,0,1,1,0,1,4
617,100244_00001,1,2,1,0,0,0,0,1,1,1,1,3
618,100245_00001,1,2,1,0,0,0,0,1,1,1,1,4
619,100246_00001,1,2,1,0,0,0,0,1,1,0,0,2
620,100247_00001,1,2,1,0,0,0,0,1,0,1,1,4
621,100255_00001,1,2,1,0,0,0,0,1,1,1,0,1
622,100259_00001,1,2,1,0,0,0,0,1,0,0,0,2
623,100261_00001,1,2,0,0,1,0,0,1,1,1,1,2
624,100267_00001,1,2,1,0,0,0,0,1,1,1,0,2
625,100275_00001,1,2,1,0,0,0,0,1,1,1,0,2
626,100276_00001,1,2,1,0,0,0,0,1,0,1,0,1
627,100278_00001,1,2,1,0,0,0,0,1,1,1,1,2
628,100290_00001,1,2,1,0,0,0,0,1,1,1,0,2
629,100296_00001,1,2,1,0,0,0,0,1,1,1,1,2
630,100312_00001,1,2,0,0,1,0,0,1,0,0,0,4
631,100316_00001,1,2,0,0,0,1,0,1,1,1,0,4
632,100323_00001,1,2,1,0,0,0,0,1,1,1,0,2
633,100324_00001,1,2,0,1,0,0,0,1,0,1,0,2
634,100335_00001,1,2,1,0,0,0,0,1,1,1,1,2
635,100339_00001,1,2,0,1,0,0,0,1,0,0,0,3
636,100344_00001,1,2,1,0,0,0,0,1,0,1,0,2
640,100243_00001,2,1,1,0,0,0,0,1,0,0,0,2
