record_id,case_id,reader_id,ct_evaluable,non_eval_reason,non_eval_notes,annotation_completeness,volume_captured,deficiency_type___1,deficiency_type___2,deficiency_type___3,deficiency_type___4,image_quality,quality_reason___1,quality_reason___2,quality_notes
1,101367_00001,5,1,,,2,3,1,1,0,0,1,0,0,
2,100950_00001,4,1,,,1,2,0,0,0,0,1,0,0,
3,101375_00001,5,1,,,1,1,0,0,0,0,1,0,0,
4,101813_00001,3,1,,,1,2,0,0,0,0,1,0,0,
5,100003_00001,1,1,,,1,2,0,0,0,0,1,0,0,
6,101376_00001,5,1,,,1,2,0,0,0,0,1,0,0,
7,101829_00001,3,1,,,1,2,0,0,0,0,1,0,0,
8,100407_00001,2,1,,,4,,0,0,0,1,1,0,0,
9,100956_00001,4,1,,,2,3,0,1,0,0,1,0,0,
10,101377_00001,5,1,,,2,4,1,1,0,0,1,0,0,
11,100959_00001,4,1,,,3,5,1,1,0,0,1,0,0,
12,100983_00001,4,1,,,1,2,0,0,0,0,1,0,0,
13,100413_00001,2,1,,,3,5,1,1,0,0,1,0,0,
14,100988_00001,4,1,,,1,2,0,0,0,0,1,0,0,
15,100426_00001,2,1,,,1,2,0,0,0,0,1,0,0,
16,100436_00001,2,1,,,1,2,0,0,0,0,1,0,0,
17,100994_00001,4,1,,,1,2,0,0,0,0,1,0,0,
18,101836_00001,3,1,,,2,3,1,1,0,0,1,0,0,
19,100462_00001,2,1,,,1,1,0,0,0,0,1,0,0,
20,101396_00001,5,1,,,2,3,1,1,0,0,1,0,0,
21,101013_00001,4,1,,,2,4,0,1,0,0,1,0,0,
22,100005_00001,1,0,4,,,,0,0,0,0,,0,0,
23,101845_00001,3,1,,,3,6,1,1,1,0,1,0,0,
24,100467_00001,2,1,,,1,2,0,0,0,0,1,0,0,
25,101408_00001,5,1,,,3,6,1,1,0,0,1,0,0,
26,101855_00001,3,1,,,1,2,0,0,0,0,1,0,0,
27,101014_00001,4,1,,,2,3,0,1,0,0,1,0,0,
28,100011_00001,1,1,,,2,4,1,1,0,0,1,0,0,
29,101026_00001,4,1,,,2,3,0,1,0,0,1,0,0,
30,101906_00001,3,1,,,1,2,0,0,0,0,1,0,0,
31,101417_00001,5,1,,,2,3,0,1,0,0,1,0,0,
32,100016_00001,1,1,,,3,6,1,1,1,0,1,0,0,
33,101038_00001,4,1,,,2,4,0,1,0,0,1,0,0,
34,100474_00001,2,1,,,1,2,0,0,0,0,1,0,0,
35,101418_00001,5,1,,,3,5,1,1,0,0,1,0,0,
36,101912_00001,3,1,,,1,2,0,0,0,0,1,0,0,
37,100477_00001,2,1,,,1,2,0,0,0,0,1,0,0,
38,100512_00001,2,1,,,1,2,0,0,0,0,1,0,0,
39,101043_00001,4,1,,,2,3,0,1,0,0,1,0,0,
40,101918_00001,3,1,,,3,6,1,1,0,0,1,0,0,
41,100021_00001,1,1,,,1,2,0,0,0,0,1,0,0,
42,101425_00001,5,1,,,3,5,1,1,0,0,1,0,0,
43,101048_00001,4,1,,,1,2,0,0,0,0,1,0,0,
44,101930_00001,3,1,,,4,,0,0,0,1,1,0,0,
45,100520_00001,2,1,,,1,2,0,0,0,0,1,0,0,
46,101427_00001,5,1,,,3,6,0,0,1,0,1,0,0,
47,100528_00001,2,1,,,1,2,0,0,0,0,1,0,0,
48,100033_00001,1,1,,,1,2,0,0,0,0,1,0,0,
49,101063_00001,4,1,,,2,4,1,1,0,0,1,0,0,
50,101956_00001,3,0,5,,,,0,0,0,0,,0,0,
51,101436_00001,5,1,,,3,5,0,0,1,0,1,0,0,
52,100082_00001,1,1,,,1,2,0,0,0,0,1,0,0,
53,101068_00001,4,1,,,2,3,1,1,0,0,1,0,0,
54,100554_00001,2,1,,,1,2,0,0,0,0,1,0,0,
55,101488_00001,5,1,,,1,2,0,0,0,0,1,0,0,
56,100574_00001,2,1,,,1,2,0,0,0,0,1,0,0,
57,101102_00001,4,1,,,2,4,0,1,0,0,1,0,0,
58,100091_00001,1,1,,,1,2,0,0,0,0,1,0,0,
59,100616_00001,2,1,,,1,1,0,0,0,0,1,0,0,
60,101503_00001,5,1,,,1,2,0,0,0,0,1,0,0,
61,101964_00001,3,1,,,2,4,1,1,1,0,1,0,0,
62,100619_00001,2,1,,,1,2,0,0,0,0,1,0,0,
63,101112_00001,4,1,,,2,3,0,1,0,0,1,0,0,
64,101533_00001,5,1,,,4,,0,0,0,1,1,0,0,
65,100096_00001,1,1,,,2,4,1,1,0,0,1,0,0,
66,101980_00001,3,1,,,1,2,0,0,0,0,0,1,0,
67,100636_00001,2,1,,,1,2,0,0,0,0,1,0,0,
68,100126_00001,1,1,,,1,2,0,0,0,0,1,0,0,
69,100642_00001,2,1,,,1,1,0,0,0,0,1,0,0,
70,101534_00001,5,1,,,4,,0,0,0,1,1,0,0,
71,101988_00001,3,1,,,3,5,1,1,1,0,1,0,0,
72,100135_00001,1,1,,,2,3,0,1,0,0,1,0,0,
73,100143_00001,1,1,,,1,2,0,0,0,0,1,0,0,
74,100647_00001,2,1,,,1,2,0,0,0,0,1,0,0,
75,101543_00001,5,1,,,2,3,1,0,0,0,1,0,0,
76,100150_00001,1,1,,,1,2,0,0,0,0,1,0,0,
77,100703_00001,2,1,,,3,5,1,1,0,0,1,0,0,
78,101118_00001,4,1,,,1,2,0,0,0,0,1,0,0,
79,101120_00001,4,1,,,1,2,0,0,0,0,1,0,0,
80,102009_00001,3,1,,,2,4,1,1,0,0,0,1,0,
81,101545_00001,5,1,,,2,4,1,1,0,0,1,0,0,
82,102020_00001,3,0,3,CT Stented + Arterial Phase,,,0,0,0,0,,0,0,
83,101550_00001,5,1,,,2,4,1,1,0,0,1,0,0,
84,101560_00001,5,1,,,2,3,1,1,0,0,1,0,0,
85,102039_00001,3,1,,,1,2,0,0,0,0,1,0,0,
86,101137_00001,4,1,,,1,1,0,0,0,0,1,0,0,
87,101563_00001,5,1,,,1,2,0,0,0,0,1,0,0,
88,100157_00001,1,1,,,1,2,0,0,0,0,1,0,0,
89,102040_00001,3,1,,,1,2,0,0,0,0,1,0,0,
90,101142_00001,4,1,,,2,3,0,1,0,0,1,0,0,
91,100709_00001,2,1,,,1,2,0,0,0,0,1,0,0,
92,100164_00001,1,1,,,2,3,0,1,0,0,1,0,0,
93,100740_00001,2,1,,,1,1,0,0,0,0,1,0,0,
94,101593_00001,5,1,,,1,1,0,0,0,0,1,0,0,
95,100745_00001,2,1,,,1,2,0,0,0,0,1,0,0,
96,101144_00001,4,0,5,,,,0,0,0,0,,0,0,
97,100747_00001,2,1,,,1,2,0,0,0,0,1,0,0,
98,102041_00001,3,1,,,1,2,0,0,0,0,1,0,0,
99,100757_00001,2,1,,,1,2,0,0,0,0,1,0,0,
100,101596_00001,5,1,,,1,2,0,0,0,0,1,0,0,
101,101160_00001,4,0,6,CT Chest,,,0,0,0,0,,0,0,
102,100180_00001,1,1,,,1,2,0,0,0,0,1,0,0,
103,102044_00001,3,1,,,3,6,1,1,1,0,0,1,0,
104,100196_00001,1,1,,,1,2,0,0,0,0,1,0,0,
105,100822_00001,2,1,,,2,3,0,1,0,0,1,0,0,
106,101161_00001,4,1,,,2,4,0,1,1,0,1,0,0,
107,102057_00001,3,1,,,1,2,0,0,0,0,1,0,0,
108,100826_00001,2,1,,,3,6,1,1,0,0,1,0,0,
109,101616_00001,5,1,,,3,5,1,1,0,0,1,0,0,
110,102065_00001,3,0,6,Duplicate (102065_00002),,,0,0,0,0,,0,0,
111,101169_00001,4,1,,,2,4,1,1,0,0,1,0,0,
112,101625_00001,5,1,,,2,4,0,1,0,0,1,0,0,
113,100842_00001,2,1,,,2,3,1,1,0,0,1,0,0,
114,102065_00002,3,1,,,1,2,0,0,0,0,1,0,0,
115,101175_00001,4,1,,,3,5,0,0,1,0,1,0,0,
116,100850_00001,2,1,,,1,2,0,0,0,0,1,0,0,
117,102066_00001,3,1,,,3,6,1,1,1,0,0,1,0,
118,100197_00001,1,0,5,,,,0,0,0,0,,0,0,
119,101196_00001,4,1,,,1,2,0,0,0,0,1,0,0,
120,101634_00001,5,1,,,2,4,1,1,0,0,1,0,0,
121,100200_00001,1,1,,,3,6,0,0,1,0,1,0,0,
122,102072_00001,3,1,,,1,2,0,0,0,0,1,0,0,
123,100213_00001,1,1,,,1,2,0,0,0,0,1,0,0,
124,101637_00001,5,1,,,1,2,0,0,0,0,1,0,0,
125,101205_00001,4,1,,,1,1,0,0,0,0,1,0,0,
126,100852_00001,2,0,3,,,,0,0,0,0,,0,0,
127,100219_00001,1,1,,,2,4,0,1,0,0,1,0,0,
128,102090_00001,3,1,,,4,,0,0,1,1,1,0,0,
129,101639_00001,5,1,,,2,4,1,1,0,0,1,0,0,
130,100229_00001,1,1,,,1,2,0,0,0,0,1,0,0,
131,100871_00001,2,1,,,1,2,0,0,0,0,1,0,0,
132,100243_00001,1,1,,,2,3,1,0,0,0,1,0,0,
133,101658_00001,5,1,,,2,3,1,1,0,0,1,0,0,
134,100903_00001,2,1,,,3,6,1,1,0,0,1,0,0,
135,102105_00001,3,1,,,1,2,0,0,0,0,1,0,0,
136,100248_00001,1,1,,,1,2,0,0,0,0,1,0,0,
137,100904_00001,2,1,,,1,1,0,0,0,0,1,0,0,
138,100257_00001,1,1,,,1,2,0,0,0,0,1,0,0,
139,102111_00001,3,1,,,3,5,1,1,1,0,1,0,0,
140,101227_00001,4,1,,,2,4,1,1,0,0,1,0,0,
141,102133_00001,3,1,,,2,3,1,1,0,0,1,0,0,
142,101229_00001,4,1,,,2,3,1,1,0,0,1,0,0,
143,100905_00001,2,1,,,1,2,0,0,0,0,0,1,0,
144,102137_00001,3,1,,,3,5,1,1,0,0,1,0,0,
145,100908_00001,2,1,,,1,2,0,0,0,0,1,0,0,
146,101249_00001,4,1,,,1,2,0,0,0,0,1,0,0,
147,102138_00001,3,1,,,2,3,0,1,0,0,1,0,0,
148,101692_00001,5,0,7,,,,0,0,0,0,,0,0,
149,101254_00001,4,1,,,2,3,1,1,0,0,1,0,0,
150,100262_00001,1,1,,,2,3,0,1,0,0,1,0,0,
151,102140_00001,3,1,,,1,2,0,0,0,0,1,0,0,
152,100926_00001,2,1,,,2,3,1,1,0,0,1,0,0,
153,100265_00001,1,1,,,3,6,0,0,1,0,1,0,0,
154,101264_00001,4,1,,,2,3,1,1,0,0,1,0,0,
155,101696_00001,5,1,,,3,6,1,1,0,0,0,1,0,
156,100265_00002,1,0,5,,,,0,0,0,0,,0,0,
157,100933_00001,2,1,,,1,2,0,0,0,0,1,0,0,
158,101267_00001,4,1,,,1,2,0,0,0,0,1,0,0,
159,101698_00001,5,1,,,3,5,1,1,0,0,1,0,0,
160,102147_00001,3,0,8,,,,0,0,0,0,,0,0,
161,102160_00001,3,1,,,1,2,0,0,0,0,1,0,0,
162,100934_00001,2,1,,,2,3,1,1,0,0,1,0,0,
163,101322_00001,4,1,,,3,6,0,0,1,0,1,0,0,
164,102164_00001,3,1,,,2,4,1,1,0,0,1,0,0,
165,100943_00001,2,1,,,1,1,0,0,0,0,1,0,0,
166,101717_00001,5,1,,,2,3,0,1,0,0,1,0,0,
167,100266_00001,1,1,,,1,2,0,0,0,0,1,0,0,
168,102167_00001,3,1,,,2,3,1,0,0,0,1,0,0,
169,100948_00001,2,1,,,2,4,1,1,0,0,1,0,0,
170,101331_00001,4,0,7,,,,0,0,0,0,,0,0,
171,100285_00001,1,1,,,2,3,0,1,0,0,1,0,0,
172,101735_00001,5,1,,,2,3,0,1,0,0,1,0,0,
173,102190_00001,3,0,7,,,,0,0,0,0,,0,0,
174,101336_00001,4,1,,,1,2,0,0,0,0,1,0,0,
175,101744_00001,5,1,,,1,2,0,0,0,0,1,0,0,
176,100328_00001,1,1,,,2,3,1,0,0,0,1,0,0,
177,101339_00001,4,1,,,1,2,0,0,0,0,1,0,0,
178,100345_00001,1,1,,,1,2,0,0,0,0,1,0,0,
179,101767_00001,5,1,,,1,2,0,0,0,0,1,0,0,
180,102195_00001,3,1,,,2,3,0,1,0,0,1,0,0,
181,100355_00001,1,0,5,,,,0,0,0,0,,0,0,
182,101345_00001,4,1,,,1,2,0,0,0,0,1,0,0,
183,100356_00001,1,1,,,1,2,0,0,0,0,1,0,0,
184,101787_00001,5,1,,,2,4,1,0,0,0,1,0,0,
185,102203_00001,3,1,,,2,3,1,0,0,0,1,0,0,
186,101355_00001,4,0,8,,,,0,0,0,0,,0,0,
187,101794_00001,5,1,,,1,2,0,0,0,0,1,0,0,
188,100372_00001,1,1,,,2,4,0,1,0,0,1,0,0,
189,100373_00001,1,1,,,1,2,0,0,0,0,1,0,0,
190,101795_00001,5,1,,,2,3,1,0,0,0,1,0,0,
191,102204_00001,3,1,,,2,3,1,1,0,0,1,0,0,
192,100381_00001,1,1,,,2,4,1,1,0,0,1,0,0,
193,102216_00001,3,1,,,2,3,1,1,0,0,1,0,0,
194,100386_00001,1,1,,,2,3,0,1,0,0,1,0,0,
195,100394_00001,1,1,,,1,2,0,0,0,0,1,0,0,
196,101808_00001,5,1,,,2,3,0,1,0,0,1,0,0,
197,102218_00001,3,1,,,3,5,1,1,1,0,1,0,0,
