Variable / Field Name,Form Name,Section Header,Field Type,Field Label,"Choices, Calculations, OR Slider Labels",Field Note,Text Validation Type OR Show Slider Number,Text Validation Min,Text Validation Max,Identifier?,Branching Logic (Show field only if...),Required Field?,Custom Alignment,Question Number (surveys only),Matrix Group Name,Matrix Ranking?,Field Annotation
record_id,panorama_audit,,text,Record ID,,Auto-numbered unique identifier.,,,,,,y,,,,,
case_id,panorama_audit,Case Identification,text,PANORAMA Case ID,,Enter the PANORAMA case identifier exactly as shown in the filename,,,,,,y,,,,,
reader_id,panorama_audit,,dropdown,Reader ID,"1, R1 | 2, R2 | 3, R3 | 4, R4 | 5, R5",Select your assigned reader ID,,,,,,y,,,,,
ct_evaluable,panorama_audit,CT Evaluability,radio,Is this CT evaluable for PDAC annotation review?,"1, Yes | 0, No","A CT is non-evaluable if the pancreas is absent from the field of view, slices are missing or corrupted, contrast phase is incorrect, or no tumor is visible despite the PDAC label.",,,,,,y,,,,,
non_eval_reason,panorama_audit,,dropdown,Reason for non-evaluability,"1, No pancreas in field of view | 2, Incomplete anatomical coverage (slices missing or truncated) | 3, Wrong contrast phase (non-contrast or arterial) | 4, Corrupted or unreadable file | 5, No visible tumor despite PDAC label | 6, Other (specify in notes) | 7, Stent | 8, Significant motion artifacts | 9, Significant streak artifacts",,,,,,[ct_evaluable] = '0',y,,,,,
non_eval_notes,panorama_audit,,text,"If Other, specify reason",,,,,,,[non_eval_reason] = '6',,,,,,
annotation_completeness,panorama_audit,Annotation Assessment,dropdown,Annotation completeness,"1, Complete (captures >=90% of radiologically apparent tumor) | 2, Partial (captures 50-89% of tumor) | 3, Grossly incomplete (captures < 50% of tumor) | 4, Over-segmented tumor",Assess whether the PANORAMA-provided annotation captures the full radiologically apparent 3D tumor extent,,,,,[ct_evaluable] = '1',y,,,,,
volume_captured,panorama_audit,,dropdown,Estimated proportion of tumor volume captured by annotation,"1, 100% | 2, 90-99% | 3, 75-89% | 4, 50-74% | 5, 25-49% | 6, Less than 25%",Your best visual estimate,,,,,[annotation_completeness] = '1' or [annotation_completeness] = '2' or [annotation_completeness] = '3',y,,,,,
deficiency_type,panorama_audit,,checkbox,Primary deficiency type,"1, Craniocaudal truncation (tumor extends above or below annotated slices) | 2, Lateral under-segmentation (annotation does not reach lateral tumor boundaries) | 3, Missed component (separate tumor focus or satellite not annotated) | 4, Over-segmentation (annotation substantially exceeds tumor boundaries)",Select N/A if annotation is complete,,,,,[annotation_completeness] = '2' or [annotation_completeness] = '3' or [annotation_completeness] = '4',y,,,,,
image_quality,panorama_audit,Image Quality,radio,Is the CT of adequate quality for reliable volumetric tumor segmentation?,"1, Yes | 0, No","Separate from annotation completeness. Assess the CT itself, not the annotation.",,,,,[ct_evaluable] = '1',y,,,,,
quality_reason,panorama_audit,,checkbox,Reason for inadequate image quality,"1, Suboptimal contrast timing | 2, Other (specify in notes)",,,,,,[image_quality] = '0',y,,,,,
quality_notes,panorama_audit,,text,"If Other quality reason, specify",,,,,,,[quality_reason(2)] = '1',,,,,,
